Failed to find configuration: location-mapping.ttl;location-mapping.rdf;location-mapping.n3;etc/location-mapping.rdf;etc/location-mapping.n3;etc/location-mapping.ttl
Failed to find configuration: location-mapping.ttl;location-mapping.rdf;location-mapping.n3;etc/location-mapping.rdf;etc/location-mapping.n3;etc/location-mapping.ttl
Failed to find configuration: location-mapping.ttl;location-mapping.rdf;location-mapping.n3;etc/location-mapping.rdf;etc/location-mapping.n3;etc/location-mapping.ttl
Failed to find configuration: location-mapping.ttl;location-mapping.rdf;location-mapping.n3;etc/location-mapping.rdf;etc/location-mapping.n3;etc/location-mapping.ttl
Failed to find configuration: location-mapping.ttl;location-mapping.rdf;location-mapping.n3;etc/location-mapping.rdf;etc/location-mapping.n3;etc/location-mapping.ttl
Failed to find configuration: location-mapping.ttl;location-mapping.rdf;location-mapping.n3;etc/location-mapping.rdf;etc/location-mapping.n3;etc/location-mapping.ttl
Failed to find configuration: location-mapping.ttl;location-mapping.rdf;location-mapping.n3;etc/location-mapping.rdf;etc/location-mapping.n3;etc/location-mapping.ttl
Failed to find configuration: location-mapping.ttl;location-mapping.rdf;location-mapping.n3;etc/location-mapping.rdf;etc/location-mapping.n3;etc/location-mapping.ttl
Failed to find configuration: location-mapping.ttl;location-mapping.rdf;location-mapping.n3;etc/location-mapping.rdf;etc/location-mapping.n3;etc/location-mapping.ttl
Failed to find configuration: location-mapping.ttl;location-mapping.rdf;location-mapping.n3;etc/location-mapping.rdf;etc/location-mapping.n3;etc/location-mapping.ttl
Failed to find configuration: location-mapping.ttl;location-mapping.rdf;location-mapping.n3;etc/location-mapping.rdf;etc/location-mapping.n3;etc/location-mapping.ttl
Failed to find configuration: location-mapping.ttl;location-mapping.rdf;location-mapping.n3;etc/location-mapping.rdf;etc/location-mapping.n3;etc/location-mapping.ttl
Failed to find configuration: location-mapping.ttl;location-mapping.rdf;location-mapping.n3;etc/location-mapping.rdf;etc/location-mapping.n3;etc/location-mapping.ttl
Failed to find configuration: location-mapping.ttl;location-mapping.rdf;location-mapping.n3;etc/location-mapping.rdf;etc/location-mapping.n3;etc/location-mapping.ttl
Failed to find configuration: location-mapping.ttl;location-mapping.rdf;location-mapping.n3;etc/location-mapping.rdf;etc/location-mapping.n3;etc/location-mapping.ttl
Failed to find configuration: location-mapping.ttl;location-mapping.rdf;location-mapping.n3;etc/location-mapping.rdf;etc/location-mapping.n3;etc/location-mapping.ttl
Failed to find configuration: location-mapping.ttl;location-mapping.rdf;location-mapping.n3;etc/location-mapping.rdf;etc/location-mapping.n3;etc/location-mapping.ttl
Failed to find configuration: location-mapping.ttl;location-mapping.rdf;location-mapping.n3;etc/location-mapping.rdf;etc/location-mapping.n3;etc/location-mapping.ttl
Failed to find configuration: location-mapping.ttl;location-mapping.rdf;location-mapping.n3;etc/location-mapping.rdf;etc/location-mapping.n3;etc/location-mapping.ttl
Failed to find configuration: location-mapping.ttl;location-mapping.rdf;location-mapping.n3;etc/location-mapping.rdf;etc/location-mapping.n3;etc/location-mapping.ttl
Failed to find configuration: location-mapping.ttl;location-mapping.rdf;location-mapping.n3;etc/location-mapping.rdf;etc/location-mapping.n3;etc/location-mapping.ttl
Failed to find configuration: location-mapping.ttl;location-mapping.rdf;location-mapping.n3;etc/location-mapping.rdf;etc/location-mapping.n3;etc/location-mapping.ttl
Failed to find configuration: location-mapping.ttl;location-mapping.rdf;location-mapping.n3;etc/location-mapping.rdf;etc/location-mapping.n3;etc/location-mapping.ttl
